state,measles1952,population1952,measles1953,population1953,measles1954,population1954,measles1955,population1955,measles1956,population1956,measles1957,population1957,measles1958,population1958,measles1959,population1959,measles1960,population1960,measles1961,population1961,measles1962,population1962,measles1963,population1963,measles1964,population1964,measles1965,population1965,measles1966,population1966,measles1967,population1967,measles1968,population1968,measles1969,population1969,measles1970,population1970,measles1971,population1971,measles1972,population1972,measles1973,population1973,measles1974,population1974,measles1975,population1975,statefip,bpl_region4,bpl_region9,measles_rate_1952,measles_rate_1953,measles_rate_1954,measles_rate_1955,measles_rate_1956,measles_rate_1957,measles_rate_1958,measles_rate_1959,measles_rate_1960,measles_rate_1961,measles_rate_1962,measles_rate_1963,measles_rate_1964,measles_rate_1965,measles_rate_1966,measles_rate_1967,measles_rate_1968,measles_rate_1969,measles_rate_1970,measles_rate_1971,measles_rate_1972,measles_rate_1973,measles_rate_1974,measles_rate_1975,avg_2yr_measles_rate,avg_3yr_measles_rate,avg_4yr_measles_rate,avg_5yr_measles_rate,avg_6yr_measles_rate,avg_7yr_measles_rate,avg_8yr_measles_rate,avg_9yr_measles_rate,avg_10yr_measles_rate,avg_11yr_measles_rate,avg_12yr_measles_rate
AK,298,,2142,,1492,,606,,2732,,1091,80000,1386,89000,2205,88948,1260,88896,1111,96000,1386,101000,2184,107000,1110,110000,238,115000,660,116000,157,118000,11,121000,30,118117,142,120702,58,123268,13,124944,65,125207,0,127065,0,134556,2,West,Pacific,,,,,,1363.75,1557.3033,2478.9766,1417.3866,1157.2916,1372.2772,2041.1215,1009.0909,206.95653,568.96552,133.05084,9.090909,25.398546,117.64511,47.051952,10.404661,51.914032,0,0,1706.6993,1523.5635,1497.0193,1693.4106,1670.7261,1626.8724,,,,,
AL,14160,1152000,2965,1167000,8495,1175000,2205,1232000,7141,1211000,9873,1229000,8402,1223000,3983,1256508.5,2069,1290017,2875,1309000,2423,1317000,1336,1329000,18678,1347000,2511,1344000,1844,1335000,1398,1320000,95,1298000,12,1235672,430,1235427,2035,1234466,161,1229039,14,1220465,21,1212944,5,1206815,1,South,East South Central,1229.1666,254.07027,722.9787,178.97728,589.67798,803.33606,686.99921,316.9895,160.38548,219.6333,183.97874,100.52671,1386.637,186.83035,138.12733,105.90909,7.3189521,.9711315,34.805779,164.8486,13.099666,1.1471038,1.7313248,.4143137,142.25273,168.04625,166.13106,196.30275,278.08548,353.12128,382.69089,360.05603,396.3483,383.41394,453.89331
AR,3533,697000,13232,687000,2637,676000,3119,705000,8605,657000,1469,663000,3404,648000,898,658411.5,1410,668823,1769,679000,1438,697000,1854,711000,1156,723000,1195,717000,1334,715000,1270,711000,2,705000,16,651220,25,657750,819,664090,48,670791,71,674549,7,678386,1,687860,5,South,West South Central,506.88666,1926.0553,390.08875,442.41135,1309.7412,221.56863,525.30865,136.38887,210.81812,260.53018,206.31277,260.75949,159.88934,166.66667,186.57343,178.62166,.28368795,2.4569271,3.8008361,123.32666,7.1557312,10.525551,1.0318609,.14537843,233.53613,242.53415,234.60513,214.96188,266.68634,260.24097,391.4285,397.09326,396.39279,535.453,533.07251
AZ,2955,318000,5079,343000,4958,362000,10872,376000,7170,424000,7998,433000,10400,489000,9486,503214.5,4863,517429,8570,562000,6305,589000,10033,612000,6767,627000,1593,633000,5396,642000,114,644000,219,650000,730,629235,1140,652275,670,674432,912,699599,22,724941,21,743297,85,747075,4,West,Mountain,929.2453,1480.7581,1369.6133,2891.4893,1691.0377,1847.1132,2126.7893,1885.0808,939.83911,1524.911,1070.4584,1639.379,1079.2664,251.65877,840.49841,17.701864,33.692307,116.01389,174.7729,99.342857,130.3604,3.0347297,2.8252501,11.377707,1354.9187,1411.5828,1293.6469,1411.9337,1531.0763,1576.2244,1590.576,1735.1219,1698.571,1678.7699,1616.3096
CA,41543,3440000,56038,3684000,60098,3946000,69176,4088000,32918,4382000,53627,4680000,36231,5030000,41018,5239743.5,22684,5449487,39201,5767000,28585,6007000,23058,6255000,34312,6462000,13873,6562000,15254,6623000,5271,6692000,1464,6727000,916,6652274,1979,6648458,2919,6638488,3304,6578718,848,6523749,1115,6466184,5335,6421717,6,West,Pacific,1207.6454,1521.1184,1523.0106,1692.1722,751.20947,1145.8761,720.29822,782.82458,416.25937,679.74683,475.86148,368.63309,530.98114,211.4142,230.31859,78.765694,21.763044,13.769728,29.7663,43.970856,50.222549,12.998661,17.243555,83.077469,422.24728,508.08047,485.12518,544.66504,573.93726,655.64282,667.58862,781.43127,855.58917,916.09186,940.388
CO,4931,452000,10492,486000,1872,512000,5082,530000,14674,568000,3217,597000,9867,607000,7850,628069.5,6794,649139,4046,687000,9001,707000,7137,724000,3494,737000,6027,735000,1489,733000,1774,740000,530,747000,141,766725,295,778559,932,789515,540,807589,105,820450,179,816113,1173,811534,8,West,Mountain,1090.9292,2158.8477,365.625,958.86792,2583.4507,538.86096,1625.5354,1249.8617,1046.6172,588.93744,1273.1259,985.7735,474.08414,820,203.13779,239.72974,70.95047,18.389906,37.890514,118.04716,66.865692,12.797854,21.933237,144.54108,1129.4497,949.27893,973.61353,1028.8632,1128.3085,1044.1017,1236.5204,1205.67,1121.6655,1215.9548,1205.536
CT,29583,591000,1666,627000,5035,658000,31858,676000,2540,704000,10164,738000,16988,784000,13419,822257.5,11327,860515,7480,883000,17907,909000,6897,943000,5479,973000,9222,985000,951,747800,107,1006000,714,1016000,649,1028099,117,1021142,1190,1013534,1540,996013,1789,973722,183,953322,129,932766,9,Northeast,New England,5005.584,265.70972,765.19757,4712.7217,360.79544,1377.2357,2166.8367,1631.9706,1316.3048,847.11212,1969.967,731.38916,563.10382,936.24365,127.17304,10.636183,70.275589,63.126217,11.45776,117.41096,154.61646,183.72801,19.196032,13.829835,1350.6781,1182.8228,1216.1932,1299.3488,1443.9301,1434.4023,1300.2014,1679.3704,1587.9531,1467.7491,1762.5687
DC,2044,209000,303,229000,3028,242000,482,214000,1581,225000,911,234000,1496,233000,442,226317.5,1197,219635,386,237152.468598433,679,242999.0258158792,243,250617.8389277666,348,255846.4219330855,176,261063.4630749914,401,267357.1669477234,26,271509.2479787352,6,278875.0274062706,182,228585,346,223117,15,217807,2,210839,9,202558,3,192964,1,184288,11,South,South Atlantic,977.99042,132.31441,1251.2396,225.23364,702.66669,389.31625,642.06006,195.30084,544.99512,162.76448,279.42499,96.960373,136.0191,67.416557,149.98663,9.5761013,2.1515014,79.62027,155.07559,6.8868308,.94859111,4.443172,1.5546942,.54262894,188.19269,179.71661,271.03625,255.88916,320.25098,330.11743,376.6861,359.85806,448.99622,420.20694,466.6889
DE,424,108000,269,113000,1918,120000,80,125000,860,140000,342,151000,567,161000,669,162019.5,656,163039,1696,171000,427,175000,1342,182000,420,189000,532,193000,268,193000,50,194000,23,199000,517,195982,302,197818,30,199438,56,198173,8,195268,15,191800,39,188762,10,South,South Atlantic,392.59259,238.0531,1598.3334,64,614.28571,226.49007,352.17392,412.91327,402.35773,991.81287,244,737.36261,222.22223,275.64767,138.86011,25.773195,11.557789,263.79974,152.66559,15.042269,28.258139,4.0969334,7.8206463,20.660938,490.6813,657.72516,593.8833,557.68927,523.43671,481.01578,497.67453,449.48846,564.37292,534.70752,522.86462
FL,4072,963000,1316,1011000,10766,1077000,1495,1133000,5186,1261000,6149,1414000,12514,1591000,4366,1636137,4093,1681274,7079,1784000,4264,1860000,4879,1917000,7489,1970000,3830,2002000,3976,2037000,1806,2063000,534,2101000,637,2078788,1517,2124736,2365,2168707,1460,2226378,369,2296227,237,2357804,116,2362004,12,South,South Atlantic,422.84528,130.16815,999.6286,131.95058,411.26089,434.86563,786.54932,266.84808,243.44633,396.80493,229.24731,254.51225,380.15228,191.30869,195.18901,87.542412,25.416468,30.642855,71.397102,109.05116,65.577362,16.069839,10.051726,4.9110842,241.87979,293.52148,281.00272,278.17178,362.90137,373.18198,377.94183,350.6095,415.51138,389.57111,392.34393
GA,8573,1337000,3002,1347000,6743,1373000,2581,1414000,4854,1434000,6164,1468000,7040,1478000,491,1505572,236,1533144,496,1568000,431,1599000,226,1636000,222,1678000,688,1695000,240,1701000,71,1700000,5,1711000,2,1632629,19,1650735,390,1668191,214,1678117,158,1687868,3,1687330,40,1677551,13,South,South Atlantic,641.21167,222.86563,491.11435,182.53183,338.49371,419.89102,476.31934,32.61219,15.393205,31.632652,26.954346,13.814181,13.230036,40.58997,14.109347,4.1764708,.29222676,.12250181,1.1510024,23.378618,12.752389,9.3609219,.17779569,2.3844283,20.384264,24.133726,21.948597,24.081314,99.454315,145.23099,169.38882,170.84917,202.87569,204.69295,241.0695
HI,5346,183000,142,190000,588,196000,6763,205000,5850,217000,4449,230000,485,245000,4663,247956.5,4974,250913,219,259000,3175,268000,3623,272000,928,279000,4050,283000,168,290000,239,222200,30,300000,53,272812,205,276473,532,280311,95,283320,22,284390,68,282291,64,281060,15,West,Pacific,2921.3115,74.736839,300,3299.0244,2695.8525,1934.3478,197.95918,1880.5718,1982.3605,84.555984,1184.7015,1331.9854,332.61649,1431.0955,57.931034,107.56075,10,19.427298,74.148293,189.7892,33.530991,7.7358556,24.088617,22.770939,1258.3435,867.08093,1145.9009,1292.8351,1110.3557,1228.0688,1411.5419,1621.2621,1489.1359,1360.5542,1490.6173
IA,4324,866000,11196,884000,12671,893000,8083,921000,8303,939000,9706,959000,12723,962000,12736,974634,1790,987268,5531,993000,10753,1003000,6918,1007000,5402,1014000,5618,1001000,5500,993000,823,985000,165,972000,362,980464,1144,975316,2717,969172,1114,954307,284,935774,134,917487,717,901707,19,North Central/Midwest,West North Central,499.30716,1266.5159,1418.9249,877.633,884.23853,1012.0959,1322.5571,1306.7469,181.30843,556.99902,1072.0837,686.99109,532.74164,561.23877,553.87714,83.553299,16.975309,36.921295,117.29532,280.34241,116.73392,30.349209,14.605111,79.515854,879.53741,772.0246,624.34558,760.82587,854.44775,876.96887,877.87762,877.8504,931.95789,962.37225,923.78351
ID,1183,220000,2210,226000,4588,229000,719,240000,2014,935000,3969,251000,4138,252000,1771,259942,3227,267884,2051,274000,1688,278000,4731,275000,2393,274000,3209,272000,1778,2071000,413,267000,28,266000,84,260104,484,265067,273,269561,160,274513,250,276776,56,281908,73,286011,16,West,Mountain,537.72729,977.8761,2003.4934,299.58334,215.40106,1581.2749,1642.0635,681.30585,1204.6259,748.54016,607.19427,1720.3636,873.35767,1179.7794,85.852242,154.68164,10.526316,32.294773,182.59534,101.27578,58.285034,90.325752,19.864637,25.523495,1163.7789,1025.366,1070.181,992.40594,1100.6823,1169.3383,1050.0962,966.70581,1070.3846,1061.9747,1018.2875
IL,32239,2615000,16746,2723000,32983,2814000,14742,2905000,41952,3032000,10826,3173000,24413,3316000,10913,3377486.5,22448,3438973,16931,3490000,16623,3589000,11862,3669000,16906,3769000,5036,3781000,11524,3825000,1347,3849000,1291,3855000,1746,3809457,3085,3794806,3460,3777554,4656,3735270,2162,3669295,2259,3604362,1853,3543185,17,North Central/Midwest,East North Central,1232.849,614.98346,1172.1038,507.46988,1383.6411,341.19131,736.21832,323.11011,652.75299,485.12894,463.16522,323.30334,448.55399,133.19228,301.28104,34.996101,33.488976,45.833305,81.295326,91.593658,124.64962,58.921402,62.674061,52.297581,393.23428,423.86584,481.08762,449.49213,497.27982,474.98148,588.5639,579.55347,638.80847,636.64258,686.32648
IN,9041,1342000,5796,1378000,22463,1424000,3854,1480000,14914,1546000,9406,1598000,19510,1639000,5279,1669182,10225,1699364,6240,1736000,6261,1752000,4650,1784000,10331,1818000,2337,1819000,5840,1837000,693,1839000,743,1841000,528,1847358,286,1842148,3034,1835467,1401,1821992,675,1801146,285,1775106,520,1740280,18,North Central/Midwest,East North Central,673.69598,420.60959,1577.4579,260.4054,964.68304,588.61078,1190.36,316.2627,601.69568,359.44699,357.36301,260.65024,568.26184,128.47719,317.90964,37.683525,40.358501,28.581358,15.525354,165.29854,76.89386,37.476139,16.05538,29.880249,309.00662,325.82007,394.78897,379.08371,514.29645,524.91278,579.88403,544.38641,647.69354,627.04956,630.93677
KS,7862,626000,16715,636000,1443,662000,4224,685000,3662,718000,,732000,,743000,,757272.5,,771545,,799000,,812000,,818000,,833000,,6064000,,809000,200,805000,9,795000,13,756925,72,745443,1403,733191,40,722545,27,710411,184,696381,2146,684244,20,North Central/Midwest,West North Central,1255.9105,2628.1448,217.97583,616.64233,510.02786,,,,,,,,,,,24.844721,1.1320754,1.7174753,9.6586866,191.35532,5.5359874,3.8006167,26.422318,313.6308,,,,,,,,,,,
KY,11391,1072000,4260,1081000,20754,1098000,2288,1131000,18005,1118000,16701,1131000,20530,1139000,7037,1139584.5,11367,1140169,11293,1152000,6193,1165000,10384,1176000,18926,1191000,3802,1178000,4877,409800,1447,1151000,104,1141000,74,1107543,1115,1119069,3994,1129925,558,1127027,407,1121256,198,1117996,163,1116526,21,South,East South Central,1062.5933,394.07956,1890.1639,202.29884,1610.4651,1476.6578,1802.4583,617.50574,996.95746,980.29517,531.58801,882.99323,1589.0848,322.75043,1190.0928,125.71677,9.1148119,6.6814561,99.636391,353.47479,49.510792,36.29858,17.71026,14.598854,707.29065,798.29211,847.9585,801.86792,968.633,1041.208,1112.3651,1011.2466,1099.1383,1035.0421,1037.338
LA,599,1061000,4443,1085000,2943,1112000,182,1150000,1974,1184000,1178,1220000,317,1247000,74,1281178,266,1315356,48,1341000,252,1373000,182,1395000,131,1433000,144,1444000,145,1457000,160,1460000,27,1461000,125,1390515,345,1390344,1719,1389293,112,1382334,91,1364191,13,1344906,33,1338878,22,South,West South Central,56.456173,409.49307,264.65826,15.826087,166.72298,96.557381,25.421011,5.7759342,20.222662,3.5794184,18.35397,13.046595,9.1416607,9.9722996,9.9519558,10.958904,1.8480493,8.9894753,24.814003,123.732,8.1022387,6.67062,.96661031,2.4647503,15.700282,11.659994,13.800661,12.195716,14.399932,26.136709,43.709995,40.611782,63.01643,94.514305,91.342796
MA,52866,1349000,2290,1423000,23526,1470000,50619,1468000,3620,1513000,11734,1510000,39047,1607000,6704,1657912.5,22403,1708825,22635,1738000,26969,1763000,4978,799000,7265,1832000,19512,1841000,853,1846000,420,850000,385,1838000,262,1888424,482,1875005,276,1860213,1189,1831936,3953,1800570,416,1757881,106,1710408,25,Northeast,New England,3918.9028,160.92761,1600.4082,3448.1606,239.25975,777.08612,2429.8071,404.36392,1311.0178,1302.359,1529.722,623.02881,396.56113,1059.8588,46.208015,49.411766,20.946682,13.874002,25.706598,14.83701,64.904015,219.5416,23.664856,6.1973519,1076.3755,1151.7032,1191.532,1034.0983,1266.7164,1196.7693,1077.0806,1340.5339,1366.5214,1256.9219,1478.7537
MD,8977,790000,2029,822000,11348,864000,2415,914000,9153,968000,2485,1020000,6391,1070000,2471,1103034.5,3202,1136069,4247,1163432.284541724,3128,1201258.767657087,2274,1254178.507887558,3154,1298665.892193309,1427,1321720.808126926,2118,1339095.109612142,182,1355784.693764537,92,1381627.932470949,159,1379539,1361,1385447,542,1390831,15,1381851,16,1359285,24,1335232,89,1310138,24,South,South Atlantic,1136.3291,246.83699,1313.4259,264.22321,945.55786,243.62746,597.28973,224.01837,281.84909,365.04059,260.39352,181.3139,242.86462,107.96531,158.1665,13.423961,6.6588116,11.525589,98.235443,38.969509,1.0855005,1.1770895,1.7974404,6.7931776,220.85371,268.91602,272.14929,262.5231,318.31754,307.64752,387.38632,373.70154,467.67395,447.59787,504.99216
ME,11191,290000,1606,294000,5790,300000,7036,315000,1085,318000,4699,325000,4476,328000,2872,338546.5,3538,349093,2912,359000,7135,361000,588,361000,4168,364000,2949,360000,307,357000,278,353000,42,348000,11,342790,474,344884,1495,346744,254,347848,75,345370,42,343794,18,341709,23,Northeast,New England,3858.9656,546.25848,1930,2233.6509,341.19498,1445.8462,1364.6342,848.33252,1013.4835,811.14209,1976.4543,162.88089,1145.0549,819.16669,85.9944,78.75354,12.068966,3.2089617,137.43752,431.15381,73.020401,21.715841,12.216619,5.2676401,1069.6676,983.49243,990.99023,962.45868,1029.4879,1088.9677,995.49609,1133.0688,1212.762,1152.1708,1377.7369
MI,32941,2209000,23334,2317000,40725,2421000,23882,2545000,41966,2702000,19070,2815000,41448,2909000,12234,2933861.5,36161,2958723,29391,3000000,25303,3042000,48752,3101000,30897,3164000,28132,3188000,15251,3230000,1048,3247000,353,3242000,401,3270705,1834,3254417,2659,3235950,2353,3195815,4552,3149741,2365,3097395,3253,3028249,26,North Central/Midwest,East North Central,1491.2178,1007.0781,1682.1561,938.38898,1553.1459,677.44226,1424.8196,416.9931,1222.1826,979.70001,831.78827,1572.1381,976.51709,882.43414,472.16718,32.275948,10.888341,12.260354,56.354179,82.170616,73.627541,144.51982,76.354485,107.42181,1201.9631,1127.8755,1151.4523,1004.5604,1074.6036,1017.8663,1084.7762,1068.511,1129.8755,1118.712,1149.7543
MN,3615,1021000,4436,1049000,2892,1079000,7619,1127000,1334,1157000,8087,1195000,1346,1213000,2844,1248189,4203,1283378,728,1310000,1675,1336000,3368,1349000,359,1367000,948,1363000,1690,1363000,140,1364000,20,1360000,11,1391003,31,1381459,59,1370235,27,1345782,25,1320716,85,1292792,232,1268691,27,North Central/Midwest,West North Central,354.06464,422.87894,268.02594,676.0426,115.29819,676.73639,110.96455,227.85011,327.49509,55.572517,125.37425,249.66641,26.261887,69.55246,123.9912,10.263929,1.4705882,.79079628,2.2440042,4.305831,2.0062685,1.8929126,6.5749168,18.286564,187.52032,143.53772,189.52707,197.19168,182.8205,253.3799,236.11969,285,283.30261,295.99136,300.83081
MO,2435,1209000,9300,1251000,1557,1268000,4273,1333000,5189,1346000,4476,1386000,3640,1387000,4012,1423060.5,799,1459121,4800,1482000,1236,1502000,3360,1533000,1127,1566000,2681,1559000,541,1574000,340,1573000,90,1564000,23,1558503,1275,1554519,2630,1549273,221,1535094,56,1515480,268,1490469,251,1464208,29,North Central/Midwest,West North Central,201.40613,743.40527,122.7918,320.55515,385.51263,322.94373,262.43692,281.92758,54.758995,323.88663,82.290283,219.17809,71.966797,171.96921,34.371029,21.614748,5.7544756,1.4757751,82.018936,169.75703,14.396513,3.6951988,17.980917,17.142374,150.73419,208.45166,170.0285,192.40831,204.07974,221.06032,241.61685,250.38777,237.62817,283.60791,276.75775
MS,1565,881000,2535,871000,3222,869000,1514,900000,2234,875000,1290,880000,1549,871000,1952,887838,2081,904676,1637,921000,2757,942000,769,948000,6784,956000,1167,950000,1345,941000,678,932000,248,922000,221,842619,139,846361,1566,849922,242,852178,59,853104,19,848779,32,841691,28,South,East South Central,177.63905,291.04477,370.771,168.22223,255.31429,146.59091,177.84157,219.85992,230.0271,177.74159,292.67517,81.118141,709.62341,122.8421,142.93304,72.74678,26.898048,26.227749,16.423252,184.2522,28.397823,6.9159212,2.2385097,3.8018703,186.89665,183.84497,195.3905,200.28439,196.54391,189.40778,197.64609,194.37677,212.01619,219.20061,215.73715
MT,4328,208000,3303,217000,4732,222000,3253,230000,7011,241000,3746,250000,8250,253000,5544,256704,2438,260408,2484,270000,8662,272000,2860,274000,1949,277000,1461,273000,2583,271000,340,265000,56,261000,122,252536,111,253652,924,254464,18,251953,496,249164,284,246783,51,245092,30,West,Mountain,2080.7693,1522.1199,2131.5315,1414.3478,2909.1287,1498.4,3260.8696,2159.6858,936.22314,920,3184.5588,1043.7957,703.61011,535.16486,953.13654,128.30188,21.455938,48.309944,43.760742,363.11621,7.1441894,199.06567,115.08086,20.808514,2114.1772,1716.1182,1521.1444,1648.8527,1917.5222,1857.6476,1989.0828,1925.2233,1945.8541,1907.3328,1921.7859
NC,4511,1576000,4984,1596000,9566,1626000,1385,1682000,7630,1697000,1960,1725000,4590,1724000,3391,1749288,1417,1774576,5095,1813000,944,1827000,1607,1844000,1320,1869000,379,1864000,819,1853000,942,1851000,324,1848000,391,1756170,1034,1764458,1966,1772315,38,1773569,4,1768709,5,1756930,6,1743198,37,South,South Atlantic,286.23096,312.2807,588.31488,82.342453,449.61697,113.62319,266.2413,193.8503,79.85006,281.02591,51.669403,87.147507,70.625999,20.332619,44.198597,50.891411,17.532467,22.264359,58.601566,110.92836,2.1425724,.22615366,.28458732,.34419498,69.408455,139.9476,124.92322,138.70863,159.96408,153.34395,190.37808,178.37411,219.36819,227.81479,232.6828
ND,3191,230000,1697,236000,2787,239000,2783,251000,2457,245000,4732,249000,4734,245000,6125,248316.5,2774,251633,2955,254000,4162,253000,5754,256000,5886,258000,4223,255000,1568,248000,904,242000,149,235000,74,227717,307,226415,247,224764,62,221042,73,215870,35,211369,1060,207512,38,North Central/Midwest,West North Central,1387.3914,719.06781,1166.1088,1108.7649,1002.8571,1900.4016,1932.2449,2466.6101,1102.3992,1163.3859,1645.0593,2247.6563,2281.3953,1656.0785,632.25806,373.55371,63.404255,32.496475,135.59172,109.89304,28.048967,33.81665,16.55872,510.81384,1946.3578,1685.3672,1539.6251,1725.0221,1759.5593,1779.6796,1682.5768,1618.8199,1573.5488,1495.8687,1486.829
NE,3669,429000,2390,443000,2579,449000,190,468000,2289,479000,322,490000,1519,493000,485,496453.5,217,499907,661,516000,152,527000,252,535000,862,541000,479,533000,287,525000,672,520000,63,516000,712,509720,946,508850,77,507524,24,503404,6,497268,94,490792,398,482021,31,North Central/Midwest,West North Central,855.24475,539.50336,574.38751,40.598289,477.87057,65.714287,308.11359,97.69294,43.408073,128.10077,28.842505,47.102802,159.33456,89.868668,54.666668,129.23077,12.209302,139.68454,185.90941,15.171697,4.7675424,1.2065928,19.152716,82.569016,37.972652,68.015358,61.863537,69.029419,108.87678,102.71071,149.6057,137.49376,181.18314,213.75771,267.21497
NH,3880,165000,219,171000,1739,174000,7801,179000,305,182000,849,190000,4711,193000,603,201707.5,1929,210415,1654,215000,1552,222000,196,229000,1120,236000,490,238000,104,1785000,96,242000,150,246000,246,252147,62,255390,218,258447,884,260251,1049,261847,212,261926,23,260800,33,Northeast,New England,2351.5151,128.07018,999.42529,4358.1006,167.58241,446.8421,2440.9326,298.94772,916.75977,769.30231,699.09912,85.589523,474.57626,205.88235,5.8263307,39.669422,60.975609,97.562134,24.276596,84.349983,339.67209,400.61563,80.938889,8.8190184,392.34433,517.99701,617.68768,553.9397,868.43854,808.21045,728.13196,1131.4618,1118.2582,1028.2411,1138.5139
NJ,79972,1436000,3626,1491000,26534,1557000,52665,1594000,19083,1701000,28519,1783000,27546,1876000,33021,1943075,10559,2010150,19481,2096000,33093,2155000,11853,2228000,12691,2291000,4160,2315000,2090,2344000,625,1357000,747,2371000,1121,2386655,1661,2390207,1260,2392270,535,2370756,774,2324817,5693,2277537,477,2230702,34,Northeast,Middle Atlantic,5569.0806,243.19249,1704.1747,3303.9524,1121.8695,1599.4952,1468.3369,1699.4197,525.28418,929.43701,1535.6381,532.00177,553.95026,179.69762,89.163826,46.05748,31.505693,46.969501,69.49189,52.66964,22.566641,33.292942,249.96301,21.383404,1033.8199,999.02563,880.59027,1044.3562,1115.0197,1184.2305,1176.4353,1412.826,1441.9609,1332.9819,1685.9902
NM,1556,306000,5288,316000,2764,326000,5308,333000,3981,347000,6402,353000,8764,372000,4735,390605.5,1901,409211,914,420000,1451,430000,815,438000,1181,449000,694,446000,1295,442000,612,436000,176,427000,284,404186,306,408335,364,411962,129,412317,115,412707,63,412591,17,415541,35,West,Mountain,508.49673,1673.4177,847.85278,1593.994,1147.2622,1813.5978,2355.9141,1212.2205,464.55252,217.61905,337.44186,186.07306,263.02896,155.60538,292.98642,140.36697,41.2178,70.264679,74.938469,88.357666,31.286608,27.864805,15.269359,4.0910525,261.75745,247.04466,301.42163,483.58139,795.63684,941.05981,966.83514,1036.5194,1017.6528,1077.2678,1029.8702
NV,420,56000,189,61000,167,67000,488,76000,148,88000,1946,94000,204,103000,934,101267.5,757,99535,685,110000,675,50300,411,142000,952,155000,256,161000,281,164000,211,166000,14,171000,5,166596,33,171671,9,176443,7,180922,1,183398,210,187697,17,190207,32,West,Mountain,750,309.83606,249.25374,642.10529,168.18182,2070.2126,198.05826,922.30975,760.5365,622.72729,1341.9484,289.43661,614.19354,159.00621,171.34146,127.10844,8.1871347,3.0012724,19.222816,5.1007977,3.8690708,.54526222,111.88245,8.9376307,815.6925,751.37073,753.66217,787.39172,689.16943,886.46136,796.67639,779.50183,726.47705,688.60059,693.71722
NY,88028,4200000,11058,4390000,84780,4551000,39979,4706000,49875,4840000,40209,4930000,64350,5126000,24793,5231123.5,46443,5336247,37240,5515000,47155,5680000,21874,5820000,28559,5944000,8607,5980000,11101,5940000,1229,5945000,3811,5974000,5681,5867765,1581,5846832,4563,5824258,673,5734977,1791,5585692,1654,5442951,1245,5328037,36,Northeast,Middle Atlantic,2095.9048,251.89066,1862.8873,849.53253,1030.4752,815.59839,1255.3647,473.95172,870.33075,675.24933,830.19366,375.84192,480.46771,143.92976,186.88553,20.672834,63.793102,96.817101,27.040285,78.344742,11.735008,32.064068,30.387928,23.366955,603.01782,627.09497,687.90393,645.11346,746.82202,756.64722,790.87573,797.39313,903.94257,844.6651,948.93506
OH,24401,2600000,27584,2719000,28394,2848000,15643,2967000,44592,3094000,8627,3215000,31444,3384000,12739,3446038,18170,3508076,21451,3599000,11928,3668000,16803,3273000,20317,3788000,9258,3787000,6400,3812000,1258,3813000,292,3812000,634,3764600,4080,3739506,3952,3711688,312,3650381,463,3586109,3064,3512825,108,3438526,39,North Central/Midwest,East North Central,938.5,1014.4906,996.98035,527.23291,1441.2411,268.33594,929.19623,369.6709,517.94775,596.02667,325.19083,513.3822,536.35162,244.46791,167.89087,32.992393,7.6600208,16.841099,109.10532,106.47446,8.5470533,12.91093,87.223244,3.1408808,419.2865,478.19989,488.13687,464.44366,541.9024,502.8215,620.12396,609.80273,648.52051,681.79053,703.18298
OK,1719,765000,3798,750000,3403,745000,3055,772000,10027,768000,1622,774000,7500,772000,717,793569,1232,815138,605,835000,2095,854000,376,860000,1081,866000,242,852000,805,848000,3406,848000,154,849000,143,831641,987,839766,814,847034,12,847557,64,846359,30,844934,326,843099,40,South,West South Central,224.70589,506.39999,456.77853,395.7254,1305.599,209.56073,971.50256,90.351311,151.14005,72.455093,245.31616,43.720932,124.82679,28.403755,94.929245,401.65094,18.138987,17.19492,117.53274,96.100037,1.415834,7.5618029,3.5505731,38.66687,144.51855,120.4974,128.15805,120.59671,262.41434,254.86383,386.20572,387.26346,394.21497,404.4136,389.43796
OR,3674,513000,9460,532000,4053,546000,5077,569000,2345,593000,15718,605000,9752,609000,8091,619813.5,11104,630627,5939,639000,13868,650000,6231,662000,9198,674000,3553,678000,2704,681000,1725,678000,593,676000,194,694882,458,700009,388,704115,204,704341,453,703435,23,701058,191,698688,41,West,Pacific,716.17932,1778.1954,742.30768,892.26715,395.44687,2598.0166,1601.3136,1305.3927,1760.7872,929.42096,2133.5386,941.23865,1364.6885,524.04132,397.06314,254.42477,87.721893,27.918409,65.427727,55.104633,28.963243,64.398277,3.2807558,27.336952,1537.3887,1334.7327,1441.2463,1414.0757,1445.282,1609.9584,1458.1444,1395.2692,1329.973,1370.7205,1316.1754
PA,44166,3129000,17396,3275000,38854,3420000,22768,3471000,43724,3506000,14306,3587000,39556,3671000,32195,3743018,7345,3815036,27232,3853000,9448,3868000,13761,3913000,12630,3967000,6823,3943000,5511,3930000,792,3903000,198,3881000,1297,3877099,2119,3849573,1935,3818772,72,3755335,408,3671757,971,3585978,611,3514829,42,Northeast,Middle Atlantic,1411.5052,531.1756,1136.0819,655.94928,1247.1193,398.8291,1077.5266,860.13477,192.52768,706.77393,244.2606,351.67392,318.37662,173.04083,140.229,20.292084,5.101778,33.452847,55.045067,50.670738,1.9172723,11.111847,27.07769,17.383492,297.96725,434.23615,373.80902,471.07419,572.1496,547.38953,634.85571,637.19946,687.08771,672.91388,734.46313
RI,6812,228000,170,239000,2237,246000,6971,248000,254,258000,755,266000,7468,272000,426,276672,1892,281344,7118,284000,3184,289000,1378,297000,2610,300000,3973,298000,80,297000,43,298000,94,297000,35,301224,109,301454,225,301477,525,300587,643,295349,61,282270,3,275479,44,Northeast,New England,2987.7192,71.129707,909.34961,2810.8872,98.449615,283.83459,2745.5881,153.97293,672.48633,2506.3381,1101.7301,463.97305,870,1333.2214,26.936028,14.42953,31.649832,11.61926,36.158089,74.632561,174.65825,217.70854,21.610516,1.0890123,782.85156,1357.347,1186.132,979.70013,1274.0148,1132.5604,1003.2966,1204.14,1174.661,1074.34,1233.7882
SC,2218,905000,2010,915000,5750,931000,1211,958000,8580,965000,5975,981000,12600,985000,2157,988738,1799,992476,3386,1003000,930,1012000,2830,1027000,4269,1033000,1267,1027000,790,1027000,518,1025000,31,1017000,132,951760,638,958212,941,964406,230,967106,76,968576,59,971140,0,970504,45,South,South Atlantic,245.08287,219.67213,617.61548,126.40919,889.11914,609.07239,1279.1879,218.15688,181.26382,337.58725,91.897232,275.55988,413.26233,123.36903,76.92308,50.536587,3.0481808,13.869042,66.582344,97.573013,23.782295,7.8465705,6.0753341,0,183.72855,235.01479,221.57704,220.89301,397.27548,427.5322,485.23056,445.36151,462.58691,440.50375,424.21869
SD,1016,231000,532,237000,765,241000,424,253000,650,254000,628,258000,302,255000,893,258581.5,79,262163,153,269000,462,275000,111,277000,160,276000,116,270000,41,263000,59,256000,4,250000,51,242894,109,240926,223,238703,12,236222,3,231811,31,227063,353,222345,46,North Central/Midwest,West North Central,439.82684,224.47258,317.4274,167.58893,255.90552,243.41086,118.43137,345.34567,30.133924,56.877323,168,40.072201,57.971016,42.962963,15.589354,23.046875,1.6,20.996813,45.242107,93.421532,5.079967,1.2941577,13.652598,158.76228,104.0361,88.316505,73.770859,128.08583,126.47675,143.18163,157.27211,158.41843,174.31932,178.87871,200.62439
TN,8231,1198000,3118,1196000,14938,1217000,6293,1256000,21099,1247000,16153,1263000,29748,1268000,10364,1291130,19202,1314260,15507,1334000,24476,1358000,7880,1377000,25309,1399000,8994,1389000,12955,1383000,2058,1387000,64,1372000,21,1323161,608,1330185,1028,1336634,195,1341861,164,1334383,54,1330658,165,1323921,47,South,East South Central,687.06177,260.70233,1227.4446,501.03503,1691.9807,1278.9391,2346.0569,802.7077,1461.0503,1162.4437,1802.3564,572.25854,1809.0779,647.51617,936.73175,148.37779,4.6647229,1.5871085,45.707928,76.909607,14.532057,12.290324,4.0581427,12.462979,1187.3075,1179.0195,1249.5272,1160.1633,1357.8123,1346.5447,1389.7241,1290.981,1284.6273,1191.5432,1149.5031
TX,22589,2906000,78012,2974000,78145,3058000,40287,3159000,66762,3318000,45785,3462000,86086,3555000,37000,3596828,50674,3638656,16697,3767000,66915,3886000,19761,3957000,71629,4037000,30771,1478400,25566,4076000,13411,4097000,5204,4114000,4943,3977289,8494,4015945,9585,4050897,1617,4070491,532,4088901,212,4098317,275,4126605,48,South,West South Central,777.32275,2623.1338,2555.4285,1275.3086,2012.1157,1322.5015,2421.5471,1028.6842,1392.6571,443.24396,1721.9506,499.39349,1774.3126,2081.3718,627.2326,327.33707,126.4949,124.28063,211.50688,236.61426,39.724937,13.010831,5.1728549,6.6640739,1110.672,888.19598,1014.3113,1017.1859,1251.2461,1261.4254,1355.2617,1346.3781,1467.2831,1572.3604,1506.1073
UT,5875,294000,6081,304000,7751,312000,838,329000,2303,343000,15095,354000,3921,364000,6479,373042.5,4908,382085,1711,402000,4067,412000,3400,420000,2435,424000,4494,424000,691,428000,421,430000,21,430000,11,416610,40,426997,354,436738,159,445258,131,453439,15,459486,373,467207,49,West,Mountain,1998.2993,2000.329,2484.2949,254.71124,671.42859,4264.1245,1077.1978,1736.7994,1284.5309,425.62189,987.13593,809.5238,574.29248,1059.9056,161.44859,97.906975,4.8837209,2.6403592,9.3677473,81.055458,35.709633,28.890326,3.2645173,79.836136,898.32983,740.76056,876.70313,1048.7224,1053.4683,1512.1334,1407.0454,1279.0082,1399.5369,1454.1543,1499.4998
VA,15718,1203000,4928,1226000,23848,1263000,4573,1292000,23998,1336000,5226,1393000,22420,1441000,15021,1452841,7595,1464682,12388,1516415.246859843,9675,1556742.206527034,8747,1602203.653184676,13568,1638487.685873606,4524,1644215.728798082,2271,1646547.723440135,2345,1648706.058256728,472,1688497.04012278,811,1585209,2335,1590342,1628,1594773,73,1590251,428,1584542,36,1572000,35,1559441,51,South,South Atlantic,1306.5669,401.95758,1888.2026,353.94736,1796.2574,375.16153,1555.864,1033.9053,518.5426,816.92664,621.49017,545.93561,828.08069,275.14636,137.92494,142.23276,27.953854,51.160446,146.82376,102.0835,4.5904703,27.01096,2.2900763,2.2443941,583.71289,661.45081,625.72375,707.36005,848.7774,781.11798,908.01044,846.44788,950.62335,900.74463,934.56317
VT,5715,127000,534,130000,3036,129000,7735,131000,1255,129000,3051,131000,2382,132000,2123,137149,3266,142298,1194,143000,2040,145000,1928,148000,2439,149000,1461,149000,348,149000,29,151000,4,152000,3,156864,9,157240,123,157548,128,157629,122,156133,56,154335,55,153122,50,Northeast,New England,4500,410.76923,2353.4883,5904.5801,972.86823,2329.0076,1804.5454,1547.9515,2295.1833,834.96503,1406.8966,1302.7028,1636.9127,980.53693,233.55705,19.205297,2.6315789,1.9124846,5.7237344,78.071442,81.203331,78.138512,36.284706,35.919071,1354.7997,1181.5215,1459.9369,1477.5398,1532.0408,1645.8932,1561.765,2044.3,2075.219,1923.9053,2138.5798
WA,5446,783000,12373,808000,21662,844000,11584,883000,12862,918000,17764,953000,11428,986000,16649,1006653.5,13678,1027307,9271,1046000,22060,1070000,6774,1083000,22799,1087000,7944,1073000,5528,1094000,5876,1127000,609,1138000,82,1169328,912,1160729,2030,1150936,1483,1125998,1116,1110991,84,1107521,307,1102837,53,West,Pacific,695.53003,1531.3119,2566.5876,1311.8912,1401.0894,1864.0084,1159.0264,1653.8958,1331.4423,886.32886,2061.6821,625.48474,2097.4241,740.35413,505.30164,521.38422,53.514938,7.0125747,78.571312,176.37819,131.70538,100.45086,7.5845065,27.837296,1343.5835,1191.1653,1226.2345,1311.7667,1286.3101,1368.8384,1372.8698,1366.0944,1486.1437,1490.2499,1424.0232
WI,47198,1138000,41534,1172000,10637,1222000,51895,1270000,26893,1312000,40033,1357000,72933,1397000,16559,1425062,44523,1453124,38140,1480000,16044,1505000,68829,1531000,16304,1556000,21072,1557000,30775,1560000,1985,1555000,1380,1540000,699,1594942,1408,1583123,3999,1569802,3837,1552225,1351,1525709,702,1498117,1564,1474188,55,North Central/Midwest,East North Central,4147.4517,3543.8567,870.45825,4086.2205,2049.7712,2950.1106,5220.687,1161.9845,3063.9504,2577.0271,1066.0465,4495.689,1047.8149,1353.3718,1972.7565,127.65273,89.61039,43.826046,88.938133,254.7455,247.19354,88.548996,46.858822,106.0923,2780.8677,2712.9209,2800.6782,2472.9395,2930.8975,2933.6421,2823.1582,2963.4985,2754.1946,2825.9819,2936.1045
WV,6183,754000,6138,755000,9725,750000,3957,763000,10883,731000,3610,729000,13066,719000,8447,710672.5,3812,702345,8093,687000,10007,681000,14273,674000,10330,674000,14883,656000,5554,640000,1489,625000,337,613000,229,580145,350,581451,580,582321,306,583237,232,576260,2232,569383,236,568576,54,South,South Atlantic,820.02655,812.9801,1296.6666,518.61072,1488.7825,495.19891,1817.2462,1188.5925,542.75323,1178.0204,1469.4567,2117.6558,1532.641,2268.75,867.8125,238.24001,54.975529,39.472889,60.194237,99.601425,52.465809,40.259605,392.00327,41.507202,1793.5562,1588.3776,1326.9716,1299.2957,1385.6208,1258.4177,1287.2133,1201.813,1211.2983,1175.0876,1145.4991
WY,514,102000,1466,104000,1419,109000,593,115000,1996,116000,225,120000,1383,121000,945,124278,716,127556,493,131000,491,130000,824,130000,239,132000,883,128000,239,123000,207,121000,54,120000,,119707,9,120240,75,120433,53,120377,83,120066,14,121588,4,124750,56,West,Mountain,503.92157,1409.6154,1301.8348,515.65216,1720.6897,187.5,1142.9752,760.39203,561.32208,376.33588,377.69232,633.84613,181.06061,689.84375,194.30894,171.07439,45,,7.4850302,62.275291,44.028343,69.128647,11.514295,3.2064128,505.76923,462.62479,487.2991,541.91766,642.09393,577.15198,720.09418,697.37842,757.82404,817.07782,790.98145
